Pregnancies,Glucose,BloodPressure,SkinThickness,Insulin,BMI,DiabetesPedigreeFunction,Age,y
7,106,92,18,0,22.7,0.235,48,0
1,101,50,15,36,24.2,0.526,26,0
10,179,70,0,0,35.1,0.2,37,0
5,143,78,0,0,45.0,0.19,47,0
2,100,66,20,90,32.9,0.867,28,1
3,191,68,15,130,30.9,0.299,34,0
6,123,72,45,230,33.6,0.733,34,0
7,187,68,39,304,37.7,0.254,41,1
1,108,60,46,178,35.5,0.415,24,0
3,128,78,0,0,21.1,0.268,55,0
